plan_id,customer_id,client_id,plan_created_date,plan_amount,instalment_amount,plan_length_months,first_instalment_paid_flag,missed_payment_count,plan_status,affordability_completed_flag
PLAN000001,DCUST000010,DSC008,2023-01-29,48.41,48.82,1,0,1,Cancelled,0
PLAN000002,DCUST000022,DSC001,2022-10-23,1834.95,237.1,8,1,3,Broken,1
PLAN000003,DCUST000033,DSC002,2022-08-15,393.6,49.51,8,1,0,Completed,0
PLAN000004,DCUST000036,DSC002,2023-02-07,127.76,124.94,1,0,1,Broken,0
PLAN000005,DCUST000041,DSC001,2023-05-04,345.56,48.04,7,1,0,Active,1
PLAN000006,DCUST000049,DSC004,2022-09-13,824.01,209.83,4,0,4,Broken,0
PLAN000007,DCUST000061,DSC004,2022-06-30,2611.8,301.7,9,1,0,Active,0
PLAN000008,DCUST000081,DSC001,2022-07-05,74.5,38.99,2,1,0,Active,0
PLAN000009,DCUST000121,DSC010,2022-06-22,1104.65,93.95,12,1,0,Completed,1
PLAN000010,DCUST000135,DSC010,2022-11-21,272.09,93.81,3,1,0,Completed,0
PLAN000011,DCUST000143,DSC008,2023-03-09,107.91,41.16,3,1,0,Active,0
PLAN000012,DCUST000147,DSC008,2023-05-30,299.0,63.79,5,1,0,Active,0
PLAN000013,DCUST000161,DSC001,2023-01-03,70.97,24.88,3,1,2,Broken,0
PLAN000014,DCUST000173,DSC004,2023-05-05,364.2,49.93,7,1,0,Completed,0
PLAN000015,DCUST000195,DSC004,2022-06-14,132.16,43.42,3,1,0,Active,0
PLAN000016,DCUST000209,DSC010,2022-09-13,354.97,71.15,5,1,5,Broken,0
PLAN000017,DCUST000211,DSC004,2022-08-18,2927.3,233.75,12,1,1,Active,0
PLAN000018,DCUST000217,DSC001,2023-05-08,776.54,185.06,4,1,0,Active,0
PLAN000019,DCUST000220,DSC009,2023-02-07,2335.93,307.21,7,1,0,Active,0
PLAN000020,DCUST000230,DSC003,2022-10-07,753.39,100.88,7,1,0,Completed,1
PLAN000021,DCUST000245,DSC001,2022-06-07,437.28,55.08,8,1,0,Active,1
PLAN000022,DCUST000249,DSC002,2022-08-20,478.59,94.05,5,1,1,Broken,0
PLAN000023,DCUST000263,DSC002,2023-04-02,541.87,107.91,5,0,5,Broken,1
PLAN000024,DCUST000275,DSC001,2022-09-16,184.22,177.3,1,1,1,Broken,0
PLAN000025,DCUST000295,DSC006,2022-10-01,110.05,106.69,1,0,1,Broken,0
PLAN000026,DCUST000296,DSC003,2023-01-01,607.13,149.5,4,1,0,Active,0
PLAN000027,DCUST000304,DSC003,2022-12-18,673.99,100.21,7,1,0,Completed,1
PLAN000028,DCUST000329,DSC008,2022-06-28,226.69,26.29,8,1,1,Active,0
PLAN000029,DCUST000382,DSC003,2023-04-25,280.33,38.68,7,1,4,Broken,1
PLAN000030,DCUST000395,DSC002,2023-01-25,206.56,216.05,1,1,0,Active,0
PLAN000031,DCUST000408,DSC007,2022-08-18,938.04,156.93,6,1,0,Active,1
PLAN000032,DCUST000418,DSC002,2023-02-02,982.63,83.39,12,1,0,Completed,1
PLAN000033,DCUST000421,DSC002,2023-05-19,946.61,242.32,4,1,0,Active,1
PLAN000034,DCUST000437,DSC001,2022-08-13,235.65,29.97,7,1,0,Active,0
PLAN000035,DCUST000477,DSC002,2022-08-10,445.39,54.48,8,1,3,Broken,0
PLAN000036,DCUST000483,DSC005,2023-05-21,2223.03,315.39,7,1,2,Broken,1
PLAN000037,DCUST000496,DSC005,2022-11-27,239.32,36.61,6,1,0,Completed,0
PLAN000038,DCUST000515,DSC001,2022-11-27,742.25,196.61,4,1,4,Broken,0
PLAN000039,DCUST000516,DSC009,2022-09-16,446.29,115.45,4,0,4,Broken,0
PLAN000040,DCUST000518,DSC010,2022-06-22,2179.72,201.19,11,1,4,Broken,0
PLAN000041,DCUST000525,DSC010,2022-09-05,599.2,214.56,3,0,1,Cancelled,1
PLAN000042,DCUST000547,DSC008,2023-02-11,98.38,103.39,1,1,1,Broken,0
PLAN000043,DCUST000551,DSC004,2023-03-25,621.88,104.36,6,1,0,Active,1
PLAN000044,DCUST000575,DSC003,2023-02-04,323.54,55.86,6,1,0,Active,1
PLAN000045,DCUST000599,DSC001,2022-07-01,114.09,59.09,2,0,2,Broken,0
PLAN000046,DCUST000602,DSC010,2023-05-26,174.33,81.62,2,1,0,Active,0
PLAN000047,DCUST000617,DSC002,2022-09-01,52.36,20.06,3,0,2,Broken,0
PLAN000048,DCUST000644,DSC002,2022-08-10,1659.67,161.6,10,1,0,Completed,0
PLAN000049,DCUST000673,DSC001,2022-06-10,1440.0,204.6,7,1,0,Completed,1
PLAN000050,DCUST000674,DSC001,2023-04-18,145.5,140.28,1,1,0,Completed,0
PLAN000051,DCUST000684,DSC004,2022-09-12,405.01,60.33,7,1,2,Broken,0
PLAN000052,DCUST000699,DSC001,2023-03-17,965.29,131.07,7,1,0,Active,1
PLAN000053,DCUST000723,DSC005,2023-04-04,887.79,143.15,6,1,0,Active,1
PLAN000054,DCUST000728,DSC003,2022-11-05,560.16,83.31,7,1,0,Completed,1
PLAN000055,DCUST000732,DSC005,2023-05-12,332.88,55.29,6,1,0,Active,0
PLAN000056,DCUST000735,DSC008,2022-10-22,250.41,33.19,8,1,0,Active,1
PLAN000057,DCUST000754,DSC003,2023-01-17,1740.27,206.06,9,1,0,Active,1
PLAN000058,DCUST000764,DSC002,2022-09-08,464.39,71.01,6,1,4,Broken,0
PLAN000059,DCUST000780,DSC003,2022-08-03,621.31,72.02,8,1,0,Completed,0
PLAN000060,DCUST000806,DSC009,2023-04-21,174.89,91.81,2,1,0,Completed,0
PLAN000061,DCUST000808,DSC004,2022-08-04,401.62,96.96,4,1,0,Active,0
PLAN000062,DCUST000810,DSC005,2023-03-07,1719.28,291.47,6,1,5,Broken,1
PLAN000063,DCUST000832,DSC002,2022-07-09,426.17,138.94,3,1,0,Completed,0
PLAN000064,DCUST000853,DSC001,2022-12-03,1236.14,160.87,8,1,0,Completed,0
PLAN000065,DCUST000896,DSC001,2022-10-21,246.85,62.95,4,1,0,Completed,0
PLAN000066,DCUST000900,DSC004,2023-03-04,623.83,108.65,6,1,3,Broken,0
PLAN000067,DCUST000903,DSC005,2022-12-18,786.17,73.49,11,1,0,Active,1
PLAN000068,DCUST000927,DSC010,2022-07-20,350.33,60.07,6,1,5,Broken,0
PLAN000069,DCUST000994,DSC008,2023-04-04,812.88,98.59,8,1,0,Active,1
PLAN000070,DCUST001004,DSC009,2023-03-05,566.59,103.46,5,1,5,Broken,0
PLAN000071,DCUST001012,DSC010,2023-01-25,252.5,64.24,4,1,0,Completed,0
PLAN000072,DCUST001037,DSC005,2022-07-31,203.48,201.35,1,0,0,Cancelled,0
PLAN000073,DCUST001042,DSC007,2023-03-11,394.98,69.86,6,0,4,Broken,1
PLAN000074,DCUST001050,DSC008,2022-10-28,96.63,37.65,3,1,0,Completed,0
PLAN000075,DCUST001092,DSC005,2023-03-01,850.91,146.13,6,1,0,Completed,0
PLAN000076,DCUST001127,DSC003,2022-11-16,584.07,65.61,8,1,3,Broken,0
PLAN000077,DCUST001144,DSC005,2022-11-26,895.86,142.35,6,1,1,Completed,1
PLAN000078,DCUST001151,DSC005,2022-08-07,529.34,102.98,5,1,0,Active,0
PLAN000079,DCUST001178,DSC009,2023-01-19,343.47,41.49,8,1,0,Completed,0
PLAN000080,DCUST001192,DSC006,2022-09-13,230.0,33.53,7,1,0,Active,0
PLAN000081,DCUST001200,DSC008,2022-08-15,728.76,98.85,8,1,2,Broken,0
PLAN000082,DCUST001215,DSC001,2022-07-17,923.01,83.53,11,1,0,Completed,0
PLAN000083,DCUST001220,DSC001,2023-05-10,113.94,37.44,3,1,0,Completed,0
PLAN000084,DCUST001228,DSC010,2023-02-19,341.08,41.58,8,1,0,Active,0
PLAN000085,DCUST001240,DSC002,2022-09-11,609.64,150.42,4,1,4,Broken,1
PLAN000086,DCUST001245,DSC008,2023-05-21,816.07,119.84,7,1,0,Completed,1
PLAN000087,DCUST001252,DSC001,2023-03-29,215.76,41.91,5,0,4,Broken,0
PLAN000088,DCUST001256,DSC003,2023-01-25,780.56,239.38,3,1,2,Broken,0
PLAN000089,DCUST001271,DSC001,2022-08-17,1759.58,212.37,8,1,2,Broken,0
PLAN000090,DCUST001281,DSC001,2023-04-28,626.04,104.97,6,1,0,Active,1
PLAN000091,DCUST001282,DSC002,2023-01-22,182.44,35.53,5,1,0,Active,0
PLAN000092,DCUST001285,DSC007,2022-09-01,680.31,164.55,4,0,2,Broken,0
PLAN000093,DCUST001286,DSC002,2022-11-11,239.99,123.27,2,1,0,Active,0
PLAN000094,DCUST001292,DSC003,2022-11-24,576.2,195.75,3,0,1,Broken,0
PLAN000095,DCUST001298,DSC003,2023-01-19,1375.75,151.1,9,1,4,Broken,0
PLAN000096,DCUST001304,DSC001,2022-09-19,482.98,120.67,4,1,0,Completed,0
PLAN000097,DCUST001315,DSC006,2022-06-19,380.24,95.23,4,1,0,Active,0
PLAN000098,DCUST001322,DSC008,2022-12-23,2057.84,112.26,18,0,1,Broken,0
PLAN000099,DCUST001335,DSC005,2023-05-18,441.0,80.8,5,1,0,Active,0
PLAN000100,DCUST001337,DSC003,2023-03-30,1619.83,243.68,6,1,1,Broken,1
PLAN000101,DCUST001338,DSC005,2023-04-16,116.35,39.78,3,1,1,Broken,0
PLAN000102,DCUST001368,DSC010,2023-05-18,193.05,65.53,3,1,0,Active,0
PLAN000103,DCUST001379,DSC001,2022-12-25,80.4,27.85,3,1,0,Completed,0
PLAN000104,DCUST001401,DSC008,2023-05-06,345.64,48.11,7,0,4,Broken,0
PLAN000105,DCUST001409,DSC002,2022-07-06,703.68,240.09,3,1,1,Completed,1
PLAN000106,DCUST001414,DSC005,2022-08-28,115.67,117.87,1,1,0,Active,0
PLAN000107,DCUST001422,DSC005,2023-01-08,125.18,64.24,2,1,2,Broken,0
PLAN000108,DCUST001424,DSC002,2022-07-17,375.22,100.21,4,0,3,Broken,0
PLAN000109,DCUST001439,DSC008,2022-08-24,308.31,103.78,3,1,0,Completed,0
PLAN000110,DCUST001447,DSC001,2022-09-01,91.66,93.93,1,1,0,Active,0
PLAN000111,DCUST001450,DSC002,2023-03-18,110.71,112.93,1,1,0,Active,0
PLAN000112,DCUST001458,DSC005,2022-07-04,288.82,67.91,4,1,0,Active,0
PLAN000113,DCUST001474,DSC006,2022-09-16,1374.24,127.72,11,0,4,Broken,0
PLAN000114,DCUST001487,DSC003,2023-03-02,323.99,81.7,4,1,0,Active,0
PLAN000115,DCUST001492,DSC001,2023-05-13,438.12,55.45,8,0,3,Broken,0
PLAN000116,DCUST001507,DSC001,2022-06-20,732.75,239.47,3,0,3,Broken,0
PLAN000117,DCUST001518,DSC010,2022-11-29,514.3,135.15,4,1,0,Completed,1
PLAN000118,DCUST001520,DSC003,2022-11-17,88.64,43.55,2,1,0,Completed,0
PLAN000119,DCUST001524,DSC001,2023-03-11,66.29,24.87,3,1,0,Active,1
PLAN000120,DCUST001529,DSC008,2022-07-31,570.42,119.04,5,1,0,Active,1
PLAN000121,DCUST001538,DSC001,2023-05-20,388.3,44.54,8,1,1,Active,0
PLAN000122,DCUST001556,DSC003,2023-04-20,707.03,119.78,6,1,0,Completed,0
PLAN000123,DCUST001562,DSC002,2023-02-15,3617.16,194.41,18,1,5,Broken,0
PLAN000124,DCUST001569,DSC006,2022-07-07,92.24,41.53,2,1,1,Broken,0
PLAN000125,DCUST001607,DSC006,2022-11-24,209.14,76.83,3,1,0,Completed,0
PLAN000126,DCUST001634,DSC001,2023-03-15,1643.72,201.9,8,1,1,Active,0
PLAN000127,DCUST001639,DSC008,2023-01-08,168.94,83.52,2,1,0,Active,1
PLAN000128,DCUST001645,DSC001,2022-12-10,126.17,128.06,1,1,0,Active,0
PLAN000129,DCUST001657,DSC002,2022-10-07,669.15,88.02,8,0,4,Broken,0
PLAN000130,DCUST001671,DSC001,2022-08-16,2340.34,208.52,12,0,3,Broken,0
PLAN000131,DCUST001678,DSC002,2023-04-13,364.67,57.46,6,1,0,Completed,1
PLAN000132,DCUST001679,DSC008,2022-08-19,286.46,69.72,4,0,4,Broken,0
PLAN000133,DCUST001750,DSC004,2023-04-02,877.42,93.62,9,1,2,Broken,0
PLAN000134,DCUST001753,DSC007,2023-04-08,3993.39,213.02,18,0,5,Broken,0
PLAN000135,DCUST001765,DSC005,2022-09-10,1479.52,137.32,11,0,3,Broken,0
PLAN000136,DCUST001767,DSC001,2022-08-17,772.34,147.86,5,0,5,Broken,0
PLAN000137,DCUST001769,DSC003,2022-07-10,149.27,48.42,3,1,0,Active,0
PLAN000138,DCUST001799,DSC010,2022-10-27,2965.1,330.41,9,1,0,Completed,0
PLAN000139,DCUST001801,DSC003,2022-08-23,959.22,123.96,8,1,4,Broken,0
PLAN000140,DCUST001829,DSC002,2022-12-01,200.43,68.04,3,0,0,Cancelled,0
PLAN000141,DCUST001840,DSC005,2022-12-19,554.15,76.89,7,1,0,Active,0
PLAN000142,DCUST001862,DSC005,2022-11-16,134.68,131.73,1,1,0,Active,0
PLAN000143,DCUST001867,DSC002,2022-07-13,336.68,67.09,5,1,0,Active,1
PLAN000144,DCUST001882,DSC001,2022-11-24,190.47,96.55,2,1,0,Active,1
PLAN000145,DCUST001888,DSC003,2023-04-02,692.0,114.09,6,1,0,Completed,1
PLAN000146,DCUST001898,DSC004,2023-01-06,676.72,97.97,7,1,3,Broken,1
PLAN000147,DCUST001914,DSC004,2023-05-03,279.98,68.12,4,1,0,Completed,0
PLAN000148,DCUST001923,DSC010,2022-10-16,158.53,166.44,1,1,1,Broken,1
PLAN000149,DCUST001933,DSC001,2023-03-04,1360.9,165.87,9,1,0,Active,0
PLAN000150,DCUST001942,DSC009,2022-07-11,2412.1,333.95,7,0,1,Broken,0
PLAN000151,DCUST001970,DSC010,2022-12-03,172.63,86.03,2,1,2,Broken,0
PLAN000152,DCUST001973,DSC008,2023-05-25,467.73,57.95,8,0,3,Broken,0
PLAN000153,DCUST002000,DSC001,2023-03-13,156.71,165.26,1,0,1,Cancelled,0
PLAN000154,DCUST002025,DSC003,2022-07-18,127.82,125.55,1,0,1,Broken,0
PLAN000155,DCUST002049,DSC007,2023-02-15,819.82,136.69,6,1,1,Broken,0
PLAN000156,DCUST002064,DSC003,2023-03-27,1682.9,192.98,9,1,0,Active,0
PLAN000157,DCUST002071,DSC005,2023-05-23,2541.97,278.4,9,1,0,Active,0
PLAN000158,DCUST002075,DSC002,2023-03-05,1553.73,254.41,6,1,0,Active,0
PLAN000159,DCUST002078,DSC006,2022-11-02,409.59,81.12,5,1,0,Active,0
PLAN000160,DCUST002094,DSC002,2022-06-18,2440.81,181.77,12,1,1,Broken,0
PLAN000161,DCUST002108,DSC005,2022-09-20,1550.14,125.93,12,1,0,Active,0
PLAN000162,DCUST002125,DSC001,2022-11-19,178.19,61.11,3,1,0,Active,0
PLAN000163,DCUST002127,DSC004,2023-04-24,470.24,55.47,8,1,1,Completed,1
PLAN000164,DCUST002129,DSC007,2022-10-01,601.9,122.69,5,1,0,Completed,1
PLAN000165,DCUST002145,DSC001,2022-11-26,117.15,56.11,2,1,0,Active,0
PLAN000166,DCUST002150,DSC002,2022-09-28,471.5,160.29,3,1,0,Completed,1
PLAN000167,DCUST002156,DSC001,2023-03-11,48.81,48.36,1,0,1,Cancelled,0
PLAN000168,DCUST002185,DSC004,2023-04-04,216.36,35.28,6,1,0,Active,1
PLAN000169,DCUST002228,DSC002,2022-07-05,144.9,150.06,1,0,1,Cancelled,0
PLAN000170,DCUST002245,DSC001,2023-04-28,232.41,78.12,3,1,0,Completed,0
PLAN000171,DCUST002266,DSC002,2023-03-27,846.69,210.56,4,1,0,Completed,0
PLAN000172,DCUST002279,DSC002,2023-02-23,2949.57,284.85,10,1,0,Active,0
PLAN000173,DCUST002303,DSC003,2022-08-18,539.28,186.28,3,1,2,Broken,0
PLAN000174,DCUST002314,DSC004,2022-07-14,2107.77,237.19,9,1,0,Completed,0
PLAN000175,DCUST002327,DSC005,2022-12-25,270.83,43.08,6,1,3,Broken,1
PLAN000176,DCUST002353,DSC005,2023-02-05,280.53,40.25,7,0,0,Cancelled,0
PLAN000177,DCUST002363,DSC004,2022-07-08,45.17,12.7,3,1,0,Completed,0
PLAN000178,DCUST002368,DSC008,2023-04-17,498.37,74.76,7,1,0,Completed,1
PLAN000179,DCUST002389,DSC004,2023-05-16,267.77,51.55,5,1,0,Active,1
PLAN000180,DCUST002392,DSC002,2022-07-27,634.07,80.78,8,1,2,Broken,0
PLAN000181,DCUST002396,DSC008,2023-03-31,103.45,104.8,1,0,1,Broken,0
PLAN000182,DCUST002397,DSC004,2022-07-07,305.34,44.03,7,1,4,Broken,0
PLAN000183,DCUST002402,DSC002,2022-12-28,63.58,32.68,2,0,1,Broken,0
PLAN000184,DCUST002406,DSC001,2023-01-22,548.92,93.84,6,0,3,Broken,0
PLAN000185,DCUST002411,DSC002,2023-02-08,100.35,48.63,2,0,1,Broken,0
PLAN000186,DCUST002412,DSC006,2023-05-29,213.31,71.49,3,1,0,Completed,0
PLAN000187,DCUST002419,DSC003,2023-04-14,320.59,66.37,5,1,1,Active,1
PLAN000188,DCUST002438,DSC003,2022-09-11,2504.1,290.28,9,1,5,Broken,0
PLAN000189,DCUST002446,DSC010,2023-01-15,1145.35,163.49,7,1,3,Broken,1
PLAN000190,DCUST002464,DSC008,2022-09-08,106.56,57.65,2,1,0,Active,0
PLAN000191,DCUST002484,DSC006,2022-09-09,2202.58,228.14,10,0,5,Broken,0
PLAN000192,DCUST002505,DSC005,2022-06-04,92.92,45.58,2,1,0,Active,0
PLAN000193,DCUST002507,DSC006,2022-11-23,727.86,83.96,8,0,1,Broken,0
PLAN000194,DCUST002512,DSC004,2022-07-06,797.61,172.0,5,1,0,Active,0
PLAN000195,DCUST002552,DSC001,2022-11-12,1396.99,158.78,9,1,0,Completed,0
PLAN000196,DCUST002558,DSC001,2022-07-03,262.45,38.61,7,1,0,Active,1
PLAN000197,DCUST002561,DSC003,2023-03-21,54.79,14.74,3,1,2,Broken,0
PLAN000198,DCUST002564,DSC002,2022-10-14,512.23,87.05,6,1,1,Broken,0
PLAN000199,DCUST002609,DSC005,2023-05-20,564.51,97.44,6,1,0,Active,0
PLAN000200,DCUST002657,DSC003,2022-10-22,765.87,187.5,4,1,0,Active,0
PLAN000201,DCUST002674,DSC001,2023-05-04,81.95,27.66,3,1,0,Active,0
PLAN000202,DCUST002675,DSC004,2022-11-23,279.13,35.16,7,1,0,Active,0
PLAN000203,DCUST002698,DSC005,2023-04-17,361.69,52.67,7,1,0,Completed,0
PLAN000204,DCUST002704,DSC006,2022-11-01,275.96,65.74,4,0,3,Broken,0
PLAN000205,DCUST002711,DSC008,2023-04-06,622.94,204.62,3,1,3,Broken,0
PLAN000206,DCUST002722,DSC006,2023-02-13,461.49,83.96,6,1,1,Broken,0
PLAN000207,DCUST002727,DSC003,2022-10-28,775.28,106.76,7,0,1,Broken,0
PLAN000208,DCUST002778,DSC007,2022-09-08,1251.41,120.9,10,1,0,Completed,0
PLAN000209,DCUST002861,DSC001,2023-02-24,401.95,49.7,8,1,0,Completed,0
PLAN000210,DCUST002936,DSC008,2022-10-10,137.58,139.59,1,0,1,Broken,0
PLAN000211,DCUST002958,DSC010,2022-12-21,973.37,87.95,11,1,0,Active,0
PLAN000212,DCUST002983,DSC005,2023-03-04,117.47,121.06,1,0,1,Broken,0
PLAN000213,DCUST002986,DSC004,2022-09-20,679.79,83.72,8,0,1,Cancelled,0
PLAN000214,DCUST003005,DSC005,2023-01-07,2795.34,239.46,11,1,0,Completed,1
PLAN000215,DCUST003023,DSC001,2023-05-05,901.26,72.3,12,0,4,Broken,1
PLAN000216,DCUST003045,DSC010,2022-10-01,378.61,64.25,6,0,0,Cancelled,0
PLAN000217,DCUST003048,DSC002,2023-02-04,592.92,74.79,8,0,3,Broken,0
PLAN000218,DCUST003049,DSC010,2023-05-31,260.79,33.06,8,1,4,Broken,0
PLAN000219,DCUST003055,DSC007,2023-04-20,898.6,105.33,8,1,0,Completed,1
PLAN000220,DCUST003072,DSC001,2023-03-24,283.28,48.8,6,1,0,Active,1
PLAN000221,DCUST003100,DSC003,2022-11-17,333.01,68.1,5,1,0,Completed,0
PLAN000222,DCUST003111,DSC001,2023-05-05,667.35,137.97,5,1,0,Completed,1
PLAN000223,DCUST003117,DSC001,2022-06-06,327.41,65.25,5,1,4,Broken,0
PLAN000224,DCUST003144,DSC001,2022-07-20,868.29,98.4,8,1,0,Active,0
PLAN000225,DCUST003150,DSC006,2023-03-16,785.39,100.08,8,0,1,Cancelled,0
PLAN000226,DCUST003219,DSC001,2023-04-10,572.35,70.01,8,1,5,Broken,0
PLAN000227,DCUST003225,DSC002,2022-06-05,534.77,64.82,8,1,1,Active,1
PLAN000228,DCUST003232,DSC001,2023-05-24,166.56,171.71,1,1,1,Broken,0
PLAN000229,DCUST003246,DSC001,2022-10-03,655.49,94.36,7,1,0,Active,1
PLAN000230,DCUST003252,DSC004,2022-08-15,108.87,36.41,3,1,0,Active,0
PLAN000231,DCUST003264,DSC004,2022-09-09,766.51,98.97,8,1,4,Broken,0
PLAN000232,DCUST003283,DSC005,2022-08-20,388.57,65.29,6,0,2,Broken,0
PLAN000233,DCUST003299,DSC002,2023-03-08,105.61,57.01,2,1,0,Completed,0
PLAN000234,DCUST003304,DSC005,2023-01-26,182.42,24.7,7,1,0,Active,0
PLAN000235,DCUST003310,DSC008,2023-05-01,410.61,52.61,8,1,3,Broken,1
PLAN000236,DCUST003314,DSC004,2022-08-03,183.42,62.94,3,0,2,Broken,0
PLAN000237,DCUST003318,DSC003,2023-03-07,105.65,51.15,2,1,0,Completed,0
PLAN000238,DCUST003351,DSC008,2023-02-10,419.34,86.58,5,1,0,Completed,0
PLAN000239,DCUST003367,DSC005,2022-08-26,564.09,115.45,5,1,0,Active,0
PLAN000240,DCUST003382,DSC005,2023-02-22,930.93,195.61,5,0,1,Cancelled,0
PLAN000241,DCUST003385,DSC008,2022-08-14,639.53,104.36,6,0,2,Broken,1
PLAN000242,DCUST003388,DSC007,2022-09-25,1266.61,114.87,11,1,3,Broken,0
PLAN000243,DCUST003426,DSC001,2022-09-12,1396.5,234.26,6,1,4,Broken,1
PLAN000244,DCUST003448,DSC008,2022-07-29,671.7,84.03,8,1,0,Completed,1
PLAN000245,DCUST003449,DSC001,2023-01-15,813.09,214.46,4,1,2,Broken,1
PLAN000246,DCUST003473,DSC001,2023-02-27,87.42,27.42,3,1,0,Active,0
PLAN000247,DCUST003483,DSC002,2023-04-07,141.95,137.03,1,1,0,Active,0
PLAN000248,DCUST003497,DSC004,2022-12-03,3742.4,413.99,9,1,4,Broken,0
PLAN000249,DCUST003523,DSC003,2022-12-01,165.1,36.03,5,1,0,Completed,0
PLAN000250,DCUST003536,DSC008,2023-03-10,862.98,282.4,3,1,3,Broken,0
PLAN000251,DCUST003540,DSC001,2023-05-24,85.98,28.41,3,1,0,Active,0
PLAN000252,DCUST003544,DSC005,2022-09-23,1197.28,122.82,10,0,3,Broken,1
PLAN000253,DCUST003564,DSC010,2022-08-07,836.87,211.13,4,0,2,Broken,0
PLAN000254,DCUST003573,DSC007,2022-09-06,433.94,109.35,4,1,2,Broken,0
PLAN000255,DCUST003591,DSC008,2022-12-17,491.11,83.12,6,0,5,Broken,0
PLAN000256,DCUST003592,DSC008,2022-08-24,178.81,31.31,6,1,3,Broken,0
PLAN000257,DCUST003593,DSC001,2022-06-25,892.02,114.71,8,1,0,Active,0
PLAN000258,DCUST003600,DSC005,2022-08-13,800.25,118.81,7,1,0,Completed,0
PLAN000259,DCUST003605,DSC001,2023-04-22,199.23,100.52,2,1,1,Broken,0
PLAN000260,DCUST003623,DSC005,2022-11-22,1232.14,109.2,11,1,0,Active,0
PLAN000261,DCUST003631,DSC005,2022-09-06,735.16,242.63,3,1,0,Completed,1
PLAN000262,DCUST003648,DSC006,2023-01-05,2372.41,376.18,6,1,3,Broken,1
PLAN000263,DCUST003649,DSC002,2023-03-11,388.57,74.43,5,0,2,Broken,0
PLAN000264,DCUST003652,DSC007,2023-03-11,810.3,103.76,8,1,0,Active,1
PLAN000265,DCUST003660,DSC001,2023-01-25,480.46,157.08,3,1,0,Active,0
PLAN000266,DCUST003671,DSC004,2022-09-04,110.78,60.87,2,1,0,Active,1
PLAN000267,DCUST003684,DSC001,2022-06-21,123.89,59.33,2,0,2,Broken,0
PLAN000268,DCUST003712,DSC005,2022-11-28,59.2,20.71,3,1,1,Broken,0
PLAN000269,DCUST003750,DSC008,2023-04-23,2730.16,227.72,12,1,0,Completed,0
PLAN000270,DCUST003753,DSC001,2023-01-20,865.64,293.8,3,1,3,Broken,0
PLAN000271,DCUST003758,DSC006,2023-02-06,209.93,108.89,2,1,1,Broken,0
PLAN000272,DCUST003761,DSC003,2023-04-13,512.82,86.56,6,1,0,Active,1
PLAN000273,DCUST003762,DSC001,2023-04-04,615.83,98.83,6,1,0,Completed,1
PLAN000274,DCUST003769,DSC010,2023-02-23,109.09,112.36,1,1,0,Active,0
PLAN000275,DCUST003779,DSC002,2022-09-29,515.71,130.6,4,1,0,Active,1
PLAN000276,DCUST003788,DSC006,2022-11-20,74.18,22.97,3,1,0,Completed,0
PLAN000277,DCUST003846,DSC003,2023-04-19,1673.92,171.53,10,0,1,Broken,1
PLAN000278,DCUST003853,DSC003,2023-03-22,2516.36,149.69,17,0,3,Broken,1
PLAN000279,DCUST003871,DSC001,2023-04-11,435.45,62.46,7,1,0,Completed,0
PLAN000280,DCUST003901,DSC008,2022-09-15,474.01,90.63,5,0,2,Broken,0
PLAN000281,DCUST003924,DSC010,2023-05-31,460.49,60.45,8,0,1,Cancelled,0
PLAN000282,DCUST003926,DSC002,2022-09-05,282.73,55.34,5,1,0,Active,0
PLAN000283,DCUST003930,DSC004,2022-09-22,66.9,23.03,3,1,2,Broken,0
PLAN000284,DCUST003947,DSC007,2023-02-01,98.95,98.18,1,1,0,Active,0
PLAN000285,DCUST003952,DSC005,2023-02-17,925.36,93.59,10,0,1,Cancelled,0
PLAN000286,DCUST003965,DSC003,2022-08-03,249.55,85.49,3,0,1,Broken,1
PLAN000287,DCUST003976,DSC001,2022-07-30,77.72,38.97,2,0,2,Broken,0
PLAN000288,DCUST003982,DSC002,2023-05-29,241.9,31.15,8,1,5,Broken,1
PLAN000289,DCUST003993,DSC005,2023-04-04,220.96,51.24,4,1,3,Broken,0
PLAN000290,DCUST003994,DSC001,2023-03-08,485.55,85.0,6,1,0,Active,0
PLAN000291,DCUST003998,DSC008,2022-09-09,195.0,195.32,1,1,0,Completed,0
PLAN000292,DCUST004001,DSC006,2022-10-16,195.53,90.8,2,1,1,Broken,0
PLAN000293,DCUST004009,DSC003,2022-06-18,1769.54,183.13,10,1,0,Active,1
PLAN000294,DCUST004013,DSC009,2022-08-19,226.06,39.41,6,0,3,Broken,1
PLAN000295,DCUST004019,DSC007,2022-06-13,2259.27,200.87,11,1,0,Active,1
PLAN000296,DCUST004087,DSC010,2022-12-04,174.61,27.26,6,1,0,Completed,0
PLAN000297,DCUST004088,DSC006,2022-06-07,2180.4,306.17,7,1,0,Active,1
PLAN000298,DCUST004107,DSC005,2022-07-14,644.27,134.33,5,1,0,Active,1
PLAN000299,DCUST004119,DSC002,2023-05-30,2040.34,240.2,8,0,1,Cancelled,1
PLAN000300,DCUST004122,DSC005,2023-02-26,280.89,46.73,6,1,1,Broken,1
PLAN000301,DCUST004134,DSC005,2023-04-14,372.33,93.42,4,1,0,Completed,1
PLAN000302,DCUST004136,DSC002,2022-11-14,706.01,181.5,4,1,4,Broken,0
PLAN000303,DCUST004139,DSC005,2023-03-07,2739.64,306.38,9,1,5,Broken,0
PLAN000304,DCUST004182,DSC001,2022-08-11,254.07,80.93,3,1,2,Broken,0
PLAN000305,DCUST004211,DSC007,2023-01-09,333.0,47.46,7,1,0,Active,0
PLAN000306,DCUST004216,DSC008,2023-05-03,462.44,94.83,5,0,4,Broken,0
PLAN000307,DCUST004228,DSC010,2023-01-27,778.69,195.1,4,0,3,Broken,0
PLAN000308,DCUST004232,DSC001,2023-01-22,1555.74,204.91,8,0,1,Broken,0
PLAN000309,DCUST004250,DSC001,2022-09-18,579.93,187.19,3,1,0,Active,0
PLAN000310,DCUST004257,DSC003,2022-06-12,448.72,72.52,6,1,4,Broken,0
PLAN000311,DCUST004264,DSC003,2023-05-25,1621.51,140.85,12,1,0,Active,0
PLAN000312,DCUST004366,DSC001,2022-09-30,681.82,165.83,4,0,0,Cancelled,1
PLAN000313,DCUST004386,DSC006,2022-10-01,660.66,85.98,8,1,0,Completed,1
PLAN000314,DCUST004395,DSC001,2023-04-24,995.9,85.99,11,0,3,Broken,1
PLAN000315,DCUST004400,DSC002,2022-10-16,624.95,148.1,4,0,2,Broken,0
PLAN000316,DCUST004408,DSC002,2022-12-08,454.39,76.65,6,1,0,Active,0
PLAN000317,DCUST004410,DSC001,2022-09-13,398.28,98.45,4,1,0,Completed,0
PLAN000318,DCUST004425,DSC002,2022-08-01,323.37,111.4,3,0,3,Broken,0
PLAN000319,DCUST004472,DSC003,2023-05-08,1099.85,121.22,9,0,1,Broken,0
PLAN000320,DCUST004482,DSC002,2022-06-07,73.2,26.18,3,0,3,Broken,0
PLAN000321,DCUST004507,DSC001,2022-06-14,66.31,69.4,1,1,0,Active,1
PLAN000322,DCUST004508,DSC002,2023-01-26,93.72,33.33,3,1,0,Active,0
PLAN000323,DCUST004535,DSC006,2022-06-15,352.81,79.46,4,1,0,Completed,0
PLAN000324,DCUST004539,DSC005,2022-10-18,1596.84,164.07,10,1,4,Broken,1
PLAN000325,DCUST004549,DSC005,2023-02-25,572.71,140.29,4,1,2,Broken,0
PLAN000326,DCUST004557,DSC010,2023-04-20,2807.27,408.1,7,0,3,Broken,0
PLAN000327,DCUST004566,DSC001,2022-09-03,2803.7,356.03,8,1,1,Broken,1
PLAN000328,DCUST004576,DSC002,2022-09-22,93.66,98.93,1,0,1,Broken,0
PLAN000329,DCUST004593,DSC003,2023-01-21,458.9,53.64,8,1,0,Active,0
PLAN000330,DCUST004600,DSC008,2023-05-14,690.45,88.16,8,1,0,Active,1
PLAN000331,DCUST004602,DSC008,2022-08-26,758.22,153.02,5,0,4,Broken,0
PLAN000332,DCUST004637,DSC003,2022-12-24,260.56,50.84,5,1,0,Completed,0
PLAN000333,DCUST004643,DSC004,2023-03-05,185.41,62.87,3,1,0,Active,0
PLAN000334,DCUST004651,DSC002,2023-03-20,1380.78,140.56,10,1,2,Broken,1
PLAN000335,DCUST004669,DSC004,2023-01-29,707.16,188.63,4,1,4,Broken,1
PLAN000336,DCUST004671,DSC004,2022-11-07,88.26,90.51,1,1,1,Broken,0
PLAN000337,DCUST004673,DSC003,2023-04-26,177.91,184.18,1,0,1,Broken,0
PLAN000338,DCUST004716,DSC002,2023-03-21,165.7,85.35,2,1,0,Active,1
PLAN000339,DCUST004723,DSC002,2022-08-09,126.17,63.95,2,1,0,Completed,1
PLAN000340,DCUST004745,DSC002,2023-05-14,771.25,150.2,5,0,2,Broken,0
PLAN000341,DCUST004758,DSC003,2022-12-07,700.27,118.83,6,1,0,Active,1
PLAN000342,DCUST004774,DSC010,2022-08-14,2243.99,323.51,7,1,0,Active,1
PLAN000343,DCUST004776,DSC008,2023-05-30,551.56,179.88,3,1,0,Completed,1
PLAN000344,DCUST004780,DSC001,2022-07-23,1731.32,301.34,6,0,1,Broken,0
PLAN000345,DCUST004797,DSC008,2022-11-06,51.84,12.61,3,1,0,Active,0
PLAN000346,DCUST004819,DSC005,2023-01-16,217.09,204.64,1,1,0,Completed,0
PLAN000347,DCUST004848,DSC001,2022-12-11,92.01,30.92,3,1,0,Completed,0
PLAN000348,DCUST004851,DSC001,2023-05-01,227.86,77.06,3,1,0,Active,0
PLAN000349,DCUST004854,DSC005,2023-04-13,136.69,68.16,2,1,2,Broken,0
PLAN000350,DCUST004883,DSC003,2022-06-08,478.44,66.21,7,1,0,Completed,1
PLAN000351,DCUST004892,DSC004,2023-02-08,1859.55,165.19,11,1,1,Active,0
PLAN000352,DCUST004895,DSC004,2023-05-22,2545.69,143.84,18,0,5,Broken,1
PLAN000353,DCUST004919,DSC002,2022-06-14,2774.76,149.32,17,0,5,Broken,1
PLAN000354,DCUST004922,DSC001,2023-05-09,503.45,58.9,8,1,0,Completed,0
PLAN000355,DCUST004928,DSC004,2022-12-17,71.8,35.88,2,1,0,Active,0
PLAN000356,DCUST004947,DSC003,2023-02-16,748.7,115.22,7,1,0,Active,0
PLAN000357,DCUST004956,DSC005,2023-02-28,249.02,52.41,5,0,1,Cancelled,1
PLAN000358,DCUST004958,DSC001,2022-06-20,876.32,77.54,12,0,4,Broken,0
PLAN000359,DCUST004989,DSC003,2022-10-09,1773.18,181.02,10,1,0,Active,0
PLAN000360,DCUST005006,DSC007,2022-08-19,422.8,87.32,5,0,1,Cancelled,0
PLAN000361,DCUST005014,DSC001,2023-04-21,666.05,114.05,6,1,0,Active,1
PLAN000362,DCUST005044,DSC008,2023-03-26,204.21,65.05,3,0,3,Broken,0
PLAN000363,DCUST005064,DSC003,2022-11-19,735.03,240.15,3,1,0,Active,1
PLAN000364,DCUST005124,DSC010,2022-10-31,625.24,121.0,5,1,0,Active,0
PLAN000365,DCUST005130,DSC001,2022-11-08,886.17,88.46,10,1,5,Broken,1
PLAN000366,DCUST005131,DSC001,2023-01-23,2274.4,246.83,9,1,0,Completed,0
PLAN000367,DCUST005149,DSC001,2022-08-19,451.27,75.12,6,1,1,Broken,0
PLAN000368,DCUST005181,DSC010,2023-05-20,475.45,114.98,4,1,0,Active,1
PLAN000369,DCUST005202,DSC003,2023-05-27,349.09,80.12,4,1,0,Completed,0
PLAN000370,DCUST005206,DSC007,2022-09-03,1428.28,247.25,6,1,0,Active,0
PLAN000371,DCUST005245,DSC001,2022-06-08,254.96,34.14,7,1,5,Broken,0
PLAN000372,DCUST005257,DSC005,2022-08-26,195.24,65.79,3,1,1,Broken,0
PLAN000373,DCUST005261,DSC005,2023-02-23,578.25,69.01,8,1,1,Broken,0
PLAN000374,DCUST005267,DSC006,2023-03-02,1783.37,159.61,11,1,3,Broken,0
PLAN000375,DCUST005283,DSC001,2022-09-13,54.19,57.4,1,1,0,Active,0
PLAN000376,DCUST005284,DSC008,2023-03-29,1059.93,119.46,9,0,4,Broken,1
PLAN000377,DCUST005292,DSC008,2022-09-30,2213.89,228.03,10,1,0,Completed,0
PLAN000378,DCUST005300,DSC004,2023-04-05,75.97,80.61,1,1,0,Active,0
PLAN000379,DCUST005318,DSC002,2022-07-03,304.21,43.01,7,1,5,Broken,0
PLAN000380,DCUST005319,DSC001,2022-09-23,258.91,54.21,5,1,2,Broken,1
PLAN000381,DCUST005323,DSC009,2023-01-23,2045.71,314.54,7,0,4,Broken,0
PLAN000382,DCUST005330,DSC001,2022-11-15,899.71,75.45,12,1,4,Broken,1
PLAN000383,DCUST005333,DSC001,2023-03-11,645.03,166.44,4,1,0,Active,0
PLAN000384,DCUST005348,DSC008,2023-01-27,2540.75,395.46,6,1,0,Completed,1
PLAN000385,DCUST005351,DSC003,2023-01-20,455.73,66.6,7,1,5,Broken,0
PLAN000386,DCUST005355,DSC002,2022-07-09,68.82,67.13,1,1,0,Completed,0
PLAN000387,DCUST005376,DSC001,2023-03-30,548.53,111.54,5,1,0,Completed,1
PLAN000388,DCUST005388,DSC003,2022-10-30,375.0,128.55,3,1,0,Completed,1
PLAN000389,DCUST005406,DSC005,2023-03-23,420.04,53.38,8,1,0,Active,1
PLAN000390,DCUST005416,DSC003,2023-03-12,2773.34,297.96,9,1,3,Broken,0
PLAN000391,DCUST005424,DSC003,2022-06-26,442.04,85.97,5,0,0,Cancelled,0
PLAN000392,DCUST005438,DSC002,2022-11-11,605.15,98.69,6,0,3,Broken,0
PLAN000393,DCUST005443,DSC010,2023-04-11,2266.92,260.23,9,1,0,Active,1
PLAN000394,DCUST005445,DSC002,2022-09-29,698.95,170.33,4,1,1,Completed,0
PLAN000395,DCUST005452,DSC001,2023-05-31,2001.13,183.14,11,1,4,Broken,0
PLAN000396,DCUST005464,DSC002,2022-10-04,856.21,230.46,4,1,0,Active,1
PLAN000397,DCUST005479,DSC002,2022-06-19,187.53,59.28,3,0,0,Cancelled,0
PLAN000398,DCUST005481,DSC002,2023-05-29,361.25,74.32,5,0,2,Broken,0
PLAN000399,DCUST005490,DSC010,2022-11-16,492.38,95.53,5,1,5,Broken,1
PLAN000400,DCUST005502,DSC008,2022-07-21,668.06,81.26,8,1,0,Active,0
PLAN000401,DCUST005511,DSC005,2022-09-21,155.09,53.52,3,1,0,Active,0
PLAN000402,DCUST005519,DSC005,2022-09-15,713.86,106.74,7,0,5,Broken,0
PLAN000403,DCUST005529,DSC001,2023-03-11,96.74,50.01,2,0,1,Cancelled,0
PLAN000404,DCUST005532,DSC005,2023-03-08,193.01,37.02,5,1,0,Completed,1
PLAN000405,DCUST005569,DSC004,2022-12-29,546.38,66.7,8,1,0,Active,0
PLAN000406,DCUST005589,DSC005,2022-10-23,1614.86,172.45,10,0,1,Broken,0
PLAN000407,DCUST005618,DSC010,2022-07-28,173.84,57.44,3,1,0,Active,0
PLAN000408,DCUST005621,DSC007,2023-02-25,914.28,104.79,8,0,5,Broken,0
PLAN000409,DCUST005622,DSC001,2022-07-22,124.46,116.99,1,1,0,Completed,1
PLAN000410,DCUST005630,DSC003,2022-10-06,1478.39,154.97,9,1,0,Active,1
PLAN000411,DCUST005636,DSC001,2023-03-25,238.24,49.52,5,1,0,Active,1
PLAN000412,DCUST005639,DSC001,2022-10-14,1765.15,188.32,9,1,1,Broken,0
PLAN000413,DCUST005644,DSC001,2022-10-09,40.46,13.96,3,1,0,Completed,0
PLAN000414,DCUST005667,DSC005,2022-10-23,2845.77,370.78,8,1,0,Active,0
PLAN000415,DCUST005689,DSC001,2023-02-07,623.88,158.75,4,0,1,Cancelled,0
PLAN000416,DCUST005696,DSC007,2022-11-17,1926.07,227.63,8,0,4,Broken,1
PLAN000417,DCUST005709,DSC001,2022-10-17,197.93,67.61,3,0,1,Cancelled,0
PLAN000418,DCUST005731,DSC001,2023-04-03,174.21,174.14,1,1,0,Active,0
PLAN000419,DCUST005744,DSC002,2023-04-05,92.0,96.52,1,0,1,Broken,0
PLAN000420,DCUST005780,DSC006,2023-04-26,523.73,177.67,3,1,0,Completed,1
PLAN000421,DCUST005798,DSC003,2022-09-25,982.86,133.88,8,1,2,Broken,1
PLAN000422,DCUST005830,DSC002,2023-01-04,188.87,65.75,3,1,1,Active,0
PLAN000423,DCUST005834,DSC006,2023-02-24,75.05,23.51,3,1,0,Active,0
PLAN000424,DCUST005857,DSC001,2023-02-13,283.58,34.61,8,1,4,Broken,0
PLAN000425,DCUST005866,DSC002,2022-07-20,69.19,36.04,2,0,1,Broken,0
PLAN000426,DCUST005885,DSC003,2023-01-11,834.16,99.73,8,1,4,Broken,1
PLAN000427,DCUST005913,DSC005,2022-10-12,379.8,70.1,5,1,0,Completed,0
PLAN000428,DCUST005925,DSC002,2023-02-23,554.58,182.74,3,1,3,Broken,0
PLAN000429,DCUST005930,DSC002,2022-11-17,338.7,82.78,4,1,0,Completed,1
PLAN000430,DCUST005936,DSC001,2022-08-31,441.17,74.88,6,1,0,Completed,0
PLAN000431,DCUST005940,DSC003,2022-12-04,216.3,72.84,3,0,2,Broken,0
PLAN000432,DCUST005946,DSC006,2022-07-03,511.12,182.55,3,1,1,Broken,0
PLAN000433,DCUST005950,DSC002,2023-02-20,1720.87,171.41,10,1,0,Active,1
PLAN000434,DCUST005972,DSC002,2023-01-19,654.61,164.68,4,0,2,Broken,0
PLAN000435,DCUST005994,DSC001,2022-06-20,511.25,79.23,6,1,2,Broken,0
PLAN000436,DCUST006009,DSC002,2022-08-04,361.26,89.39,4,0,4,Broken,1
PLAN000437,DCUST006011,DSC008,2023-02-01,300.66,40.19,7,1,0,Active,1
PLAN000438,DCUST006048,DSC010,2022-09-02,546.13,65.98,8,1,3,Broken,0
PLAN000439,DCUST006055,DSC001,2022-08-01,1933.98,208.71,9,1,0,Active,1
PLAN000440,DCUST006067,DSC008,2022-11-02,633.05,111.2,6,0,4,Broken,1
PLAN000441,DCUST006084,DSC002,2023-02-01,442.08,62.59,7,1,0,Active,0
PLAN000442,DCUST006099,DSC006,2022-12-04,2125.58,215.33,10,1,0,Completed,0
PLAN000443,DCUST006101,DSC003,2022-10-29,322.65,42.31,8,1,0,Active,0
PLAN000444,DCUST006114,DSC008,2022-12-29,738.01,93.07,8,0,1,Cancelled,0
PLAN000445,DCUST006115,DSC001,2023-05-20,573.16,99.09,6,0,5,Broken,0
PLAN000446,DCUST006164,DSC006,2022-08-01,769.09,97.9,8,1,0,Completed,0
PLAN000447,DCUST006178,DSC001,2022-08-23,772.53,261.5,3,0,0,Cancelled,0
PLAN000448,DCUST006180,DSC001,2022-07-03,153.38,139.7,1,1,0,Completed,0
PLAN000449,DCUST006212,DSC002,2023-03-23,200.35,29.57,7,1,2,Broken,0
PLAN000450,DCUST006213,DSC001,2023-05-05,377.63,63.9,6,1,0,Completed,0
PLAN000451,DCUST006236,DSC007,2022-12-31,1142.94,156.57,7,1,5,Broken,1
PLAN000452,DCUST006265,DSC002,2022-10-10,164.82,55.03,3,0,1,Cancelled,0
PLAN000453,DCUST006266,DSC001,2023-01-19,2443.71,281.09,8,1,0,Active,0
PLAN000454,DCUST006304,DSC007,2023-04-09,100.31,49.31,2,0,1,Broken,0
PLAN000455,DCUST006318,DSC004,2023-05-25,1972.85,315.98,6,1,0,Active,0
PLAN000456,DCUST006328,DSC004,2022-09-13,1058.96,145.47,7,1,3,Broken,0
PLAN000457,DCUST006346,DSC005,2023-03-02,964.89,125.43,8,1,3,Broken,0
PLAN000458,DCUST006382,DSC001,2022-08-05,74.79,22.89,3,1,2,Broken,0
PLAN000459,DCUST006389,DSC005,2022-11-19,728.48,89.85,8,1,0,Completed,0
PLAN000460,DCUST006408,DSC001,2022-11-12,897.16,77.84,12,1,3,Broken,0
PLAN000461,DCUST006410,DSC003,2023-03-21,980.94,92.96,11,1,5,Broken,0
PLAN000462,DCUST006416,DSC010,2023-02-19,407.71,63.15,6,1,0,Completed,0
PLAN000463,DCUST006445,DSC004,2023-03-23,536.13,132.84,4,1,0,Completed,0
PLAN000464,DCUST006453,DSC006,2023-02-01,254.07,33.76,8,0,4,Broken,0
PLAN000465,DCUST006467,DSC001,2022-08-26,384.04,62.8,6,1,3,Broken,0
PLAN000466,DCUST006472,DSC006,2022-07-15,1746.63,247.63,7,1,0,Active,0
PLAN000467,DCUST006484,DSC004,2022-12-04,164.22,44.82,4,1,2,Broken,1
PLAN000468,DCUST006496,DSC001,2022-07-30,1228.88,171.21,7,1,3,Broken,0
PLAN000469,DCUST006499,DSC010,2022-09-20,234.48,37.41,6,1,0,Active,1
PLAN000470,DCUST006500,DSC004,2023-03-26,358.94,42.77,8,0,3,Broken,0
PLAN000471,DCUST006530,DSC001,2022-12-19,445.08,91.43,5,1,0,Active,1
PLAN000472,DCUST006539,DSC004,2022-11-22,553.83,80.77,7,0,4,Broken,0
PLAN000473,DCUST006584,DSC006,2023-04-23,1254.89,157.2,8,0,0,Cancelled,0
PLAN000474,DCUST006602,DSC001,2022-11-01,400.24,57.06,7,1,0,Completed,0
PLAN000475,DCUST006643,DSC007,2023-01-22,1484.87,176.66,9,0,0,Cancelled,0
PLAN000476,DCUST006648,DSC001,2022-09-03,473.31,75.34,6,1,3,Broken,0
PLAN000477,DCUST006668,DSC001,2022-08-10,244.32,30.19,8,1,0,Active,0
PLAN000478,DCUST006677,DSC002,2023-03-17,387.88,103.33,4,1,0,Completed,1
PLAN000479,DCUST006688,DSC002,2022-10-29,1609.48,143.28,11,1,0,Active,1
PLAN000480,DCUST006692,DSC005,2023-03-08,1992.31,224.43,8,0,1,Broken,0
PLAN000481,DCUST006698,DSC005,2022-11-04,608.81,86.13,7,1,0,Completed,0
PLAN000482,DCUST006713,DSC002,2023-03-21,826.8,106.38,8,1,4,Broken,0
PLAN000483,DCUST006727,DSC009,2023-05-04,1076.62,108.95,10,1,4,Broken,0
PLAN000484,DCUST006732,DSC008,2022-12-08,650.81,118.78,6,1,4,Broken,0
PLAN000485,DCUST006733,DSC002,2022-11-11,592.67,76.4,7,1,0,Completed,1
PLAN000486,DCUST006761,DSC002,2022-11-09,228.48,56.7,4,1,0,Active,1
PLAN000487,DCUST006765,DSC008,2022-08-31,823.33,171.18,5,1,0,Active,1
PLAN000488,DCUST006770,DSC001,2023-01-07,2317.44,234.55,10,1,0,Active,1
PLAN000489,DCUST006772,DSC010,2023-05-16,186.51,20.31,8,1,0,Active,1
PLAN000490,DCUST006815,DSC003,2023-04-01,507.19,166.45,3,0,2,Broken,1
PLAN000491,DCUST006840,DSC003,2023-02-28,589.28,97.84,6,1,1,Broken,1
PLAN000492,DCUST006849,DSC001,2023-04-11,2187.43,272.55,8,1,3,Broken,0
PLAN000493,DCUST006854,DSC003,2023-05-21,96.67,47.06,2,1,0,Completed,0
PLAN000494,DCUST006863,DSC001,2023-05-27,762.74,126.54,6,1,0,Active,0
PLAN000495,DCUST006890,DSC001,2022-10-25,2274.56,224.51,10,1,1,Broken,0
PLAN000496,DCUST006898,DSC002,2022-09-26,419.49,71.44,6,1,0,Completed,1
PLAN000497,DCUST006906,DSC001,2022-11-08,915.47,161.51,6,1,0,Active,0
PLAN000498,DCUST006920,DSC002,2022-11-10,2780.6,257.16,11,0,1,Cancelled,1
PLAN000499,DCUST006939,DSC004,2023-03-31,113.0,125.23,1,1,1,Broken,0
PLAN000500,DCUST006960,DSC001,2022-08-23,56.64,18.36,3,1,2,Broken,0
PLAN000501,DCUST006961,DSC003,2023-03-31,400.82,67.97,6,0,0,Cancelled,0
PLAN000502,DCUST006973,DSC010,2023-03-04,612.23,87.74,7,1,0,Active,0
PLAN000503,DCUST007007,DSC004,2023-04-10,124.0,43.06,3,1,0,Active,0
PLAN000504,DCUST007051,DSC003,2023-05-25,2310.02,394.9,6,1,0,Active,1
PLAN000505,DCUST007053,DSC008,2022-10-24,1300.26,152.8,9,1,0,Active,0
PLAN000506,DCUST007058,DSC005,2022-09-26,829.2,167.97,5,1,1,Broken,0
PLAN000507,DCUST007088,DSC006,2023-03-29,1851.0,197.86,9,1,0,Active,1
PLAN000508,DCUST007111,DSC001,2023-02-14,237.95,57.91,4,1,0,Active,0
PLAN000509,DCUST007123,DSC009,2022-08-02,496.49,128.48,4,1,1,Broken,0
PLAN000510,DCUST007160,DSC004,2023-03-02,911.45,84.03,11,0,1,Broken,0
PLAN000511,DCUST007169,DSC001,2022-09-02,235.0,35.61,7,1,0,Completed,0
PLAN000512,DCUST007184,DSC001,2022-10-08,1923.02,173.86,11,1,3,Broken,0
PLAN000513,DCUST007185,DSC002,2023-03-09,569.62,122.63,5,0,3,Broken,0
PLAN000514,DCUST007188,DSC001,2022-09-15,70.43,21.62,3,1,0,Active,0
PLAN000515,DCUST007196,DSC005,2022-12-08,911.24,104.72,8,1,0,Active,0
PLAN000516,DCUST007203,DSC001,2023-05-27,3397.7,195.92,18,1,2,Broken,0
PLAN000517,DCUST007227,DSC007,2022-10-25,238.21,72.43,3,0,1,Cancelled,0
PLAN000518,DCUST007251,DSC001,2023-02-07,1914.5,174.37,12,1,0,Completed,1
PLAN000519,DCUST007260,DSC009,2023-04-26,720.24,123.52,6,1,0,Active,0
PLAN000520,DCUST007292,DSC001,2022-11-05,63.05,36.22,2,1,2,Broken,0
PLAN000521,DCUST007310,DSC004,2023-02-01,1686.99,179.39,10,0,1,Broken,0
PLAN000522,DCUST007313,DSC001,2023-05-14,222.88,30.96,7,1,0,Active,0
PLAN000523,DCUST007320,DSC001,2023-05-09,448.67,96.08,5,1,0,Active,0
PLAN000524,DCUST007326,DSC001,2023-04-01,587.73,74.73,8,1,0,Active,1
PLAN000525,DCUST007332,DSC004,2022-09-28,77.19,75.4,1,1,0,Active,0
PLAN000526,DCUST007346,DSC005,2022-10-31,889.05,107.07,8,1,2,Broken,0
PLAN000527,DCUST007354,DSC002,2022-07-05,1924.91,193.95,10,1,0,Completed,0
PLAN000528,DCUST007357,DSC002,2023-05-09,396.15,48.1,8,0,4,Broken,0
PLAN000529,DCUST007388,DSC007,2023-05-05,140.83,47.06,3,1,3,Broken,0
PLAN000530,DCUST007402,DSC005,2023-02-06,2714.04,224.48,12,1,0,Active,0
PLAN000531,DCUST007405,DSC001,2023-05-03,1362.13,230.1,6,0,2,Broken,1
PLAN000532,DCUST007407,DSC001,2022-11-16,614.22,92.67,7,1,0,Active,0
PLAN000533,DCUST007428,DSC009,2023-04-26,1859.4,168.52,11,1,4,Broken,0
PLAN000534,DCUST007454,DSC004,2023-04-07,124.86,125.72,1,0,1,Broken,0
PLAN000535,DCUST007472,DSC004,2023-01-31,3104.79,181.44,17,1,0,Completed,0
PLAN000536,DCUST007483,DSC010,2023-01-16,55.57,59.92,1,0,1,Broken,0
PLAN000537,DCUST007488,DSC003,2023-05-19,593.46,148.25,4,1,0,Completed,0
PLAN000538,DCUST007497,DSC005,2022-12-01,297.15,98.27,3,1,0,Active,0
PLAN000539,DCUST007514,DSC005,2022-11-05,78.43,79.76,1,1,0,Completed,1
PLAN000540,DCUST007523,DSC004,2023-02-24,983.93,113.17,9,1,0,Active,1
PLAN000541,DCUST007533,DSC003,2023-05-31,67.88,70.12,1,1,1,Broken,1
PLAN000542,DCUST007539,DSC010,2022-09-13,798.54,267.08,3,1,0,Completed,0
PLAN000543,DCUST007541,DSC004,2022-06-16,278.12,33.72,8,1,0,Active,0
PLAN000544,DCUST007548,DSC002,2023-05-28,429.26,148.68,3,0,3,Broken,1
PLAN000545,DCUST007550,DSC001,2023-01-12,542.76,156.02,3,1,3,Broken,0
PLAN000546,DCUST007569,DSC003,2022-08-13,154.16,81.53,2,1,0,Active,0
PLAN000547,DCUST007572,DSC008,2023-05-25,257.62,36.75,7,1,3,Broken,0
PLAN000548,DCUST007583,DSC008,2022-11-11,534.34,179.42,3,1,0,Active,0
PLAN000549,DCUST007588,DSC006,2023-01-17,374.67,88.88,4,1,2,Broken,0
PLAN000550,DCUST007605,DSC003,2022-06-19,55.72,29.42,2,1,0,Active,0
PLAN000551,DCUST007615,DSC001,2022-09-27,745.5,175.9,4,1,1,Broken,0
PLAN000552,DCUST007645,DSC002,2022-12-27,788.7,71.35,11,1,5,Broken,0
PLAN000553,DCUST007664,DSC006,2023-02-05,868.53,183.08,5,1,2,Broken,1
PLAN000554,DCUST007673,DSC002,2022-11-05,1540.99,254.31,6,1,0,Completed,0
PLAN000555,DCUST007698,DSC003,2023-02-04,749.52,94.66,8,1,0,Active,0
PLAN000556,DCUST007722,DSC006,2023-01-05,498.75,122.82,4,1,0,Active,0
PLAN000557,DCUST007746,DSC006,2023-02-17,60.54,16.26,3,1,3,Broken,1
PLAN000558,DCUST007749,DSC008,2023-01-09,168.67,83.33,2,0,0,Cancelled,0
PLAN000559,DCUST007769,DSC001,2022-10-24,803.25,97.59,8,0,3,Broken,0
PLAN000560,DCUST007772,DSC001,2022-06-18,659.43,221.29,3,1,1,Active,0
PLAN000561,DCUST007794,DSC001,2022-07-06,637.73,95.29,7,1,0,Active,0
PLAN000562,DCUST007800,DSC005,2022-10-24,940.67,155.71,6,1,0,Completed,0
PLAN000563,DCUST007809,DSC010,2022-09-05,370.9,53.94,7,1,3,Broken,1
PLAN000564,DCUST007811,DSC001,2022-07-06,221.91,33.43,6,1,0,Active,0
PLAN000565,DCUST007819,DSC008,2023-04-21,593.71,87.88,7,1,1,Broken,0
PLAN000566,DCUST007823,DSC001,2023-05-06,1529.5,218.59,7,1,0,Active,1
PLAN000567,DCUST007831,DSC003,2022-06-18,2034.8,246.56,8,1,5,Broken,0
PLAN000568,DCUST007832,DSC005,2023-02-01,158.73,161.52,1,1,0,Active,1
PLAN000569,DCUST007846,DSC003,2022-12-11,42.43,40.83,1,1,1,Broken,1
PLAN000570,DCUST007861,DSC005,2023-03-21,403.84,67.72,6,1,0,Completed,1
PLAN000571,DCUST007869,DSC004,2023-01-19,2604.47,225.67,11,1,0,Completed,0
PLAN000572,DCUST007916,DSC003,2022-06-30,177.99,22.73,7,1,0,Completed,0
PLAN000573,DCUST007918,DSC006,2023-04-15,289.45,44.46,6,1,0,Active,1
PLAN000574,DCUST007957,DSC001,2023-05-27,92.42,88.91,1,0,1,Broken,0
PLAN000575,DCUST007977,DSC006,2022-09-07,60.0,31.56,2,1,0,Active,0
PLAN000576,DCUST007982,DSC003,2023-04-08,617.52,149.6,4,1,1,Broken,0
PLAN000577,DCUST007990,DSC003,2023-02-05,665.7,99.79,7,1,0,Active,1
PLAN000578,DCUST008030,DSC004,2023-04-05,193.53,24.64,8,1,0,Active,1
PLAN000579,DCUST008032,DSC008,2022-10-05,97.96,99.74,1,1,0,Active,1
PLAN000580,DCUST008041,DSC004,2022-07-09,168.6,168.19,1,1,1,Broken,0
PLAN000581,DCUST008051,DSC001,2022-12-16,1351.64,195.23,7,0,1,Broken,1
PLAN000582,DCUST008056,DSC001,2022-10-18,514.85,86.55,6,1,0,Active,0
PLAN000583,DCUST008057,DSC008,2022-09-07,375.76,53.62,7,1,0,Completed,0
PLAN000584,DCUST008058,DSC008,2022-06-26,186.55,91.72,2,1,1,Broken,0
PLAN000585,DCUST008062,DSC001,2023-01-09,64.36,68.17,1,1,0,Completed,1
PLAN000586,DCUST008067,DSC006,2022-08-18,301.8,97.7,3,1,0,Active,0
PLAN000587,DCUST008077,DSC002,2022-10-16,103.01,39.78,3,1,3,Broken,0
PLAN000588,DCUST008097,DSC008,2022-08-15,438.15,64.01,7,1,0,Active,1
PLAN000589,DCUST008120,DSC005,2023-05-01,1945.89,335.01,6,1,0,Completed,0
PLAN000590,DCUST008127,DSC005,2023-01-30,284.14,55.71,5,0,2,Broken,0
PLAN000591,DCUST008133,DSC007,2023-01-24,735.35,68.52,10,1,4,Broken,0
PLAN000592,DCUST008179,DSC001,2023-05-09,123.23,42.15,3,1,0,Completed,0
PLAN000593,DCUST008197,DSC008,2023-03-19,239.8,60.62,4,1,0,Active,0
PLAN000594,DCUST008202,DSC004,2023-01-16,85.76,28.58,3,1,0,Completed,0
PLAN000595,DCUST008204,DSC008,2023-05-13,846.02,286.09,3,1,0,Active,0
PLAN000596,DCUST008223,DSC008,2023-03-07,576.42,126.01,5,1,0,Completed,0
PLAN000597,DCUST008224,DSC003,2023-03-21,277.9,87.39,3,1,1,Broken,0
PLAN000598,DCUST008230,DSC001,2023-05-11,386.77,129.05,3,1,0,Active,0
PLAN000599,DCUST008242,DSC008,2022-11-17,787.99,102.74,8,1,0,Active,0
PLAN000600,DCUST008243,DSC003,2023-01-05,455.26,150.28,3,1,0,Completed,0
PLAN000601,DCUST008250,DSC002,2023-04-17,402.83,100.65,4,1,0,Completed,0
PLAN000602,DCUST008264,DSC001,2022-07-13,1291.11,112.86,11,0,4,Broken,1
PLAN000603,DCUST008272,DSC002,2022-08-11,5128.99,515.18,10,1,5,Broken,0
PLAN000604,DCUST008276,DSC001,2022-12-01,1356.25,129.5,10,1,3,Broken,0
PLAN000605,DCUST008281,DSC002,2023-04-07,72.79,38.78,2,0,1,Broken,0
PLAN000606,DCUST008318,DSC001,2022-11-24,630.25,91.01,7,1,0,Active,1
PLAN000607,DCUST008355,DSC006,2023-05-30,392.46,105.79,4,1,2,Broken,0
PLAN000608,DCUST008372,DSC003,2023-03-25,1134.01,93.49,12,1,0,Completed,0
PLAN000609,DCUST008373,DSC008,2022-10-11,658.32,132.68,5,1,0,Active,0
PLAN000610,DCUST008416,DSC003,2022-07-26,124.15,60.47,2,1,0,Active,0
PLAN000611,DCUST008420,DSC006,2023-04-30,631.86,92.75,7,1,0,Active,1
PLAN000612,DCUST008434,DSC001,2022-06-19,3881.35,303.2,13,1,0,Completed,0
PLAN000613,DCUST008450,DSC005,2022-10-11,304.54,75.05,4,1,0,Completed,0
PLAN000614,DCUST008474,DSC001,2023-01-29,55.54,29.6,2,1,2,Broken,0
PLAN000615,DCUST008496,DSC003,2022-08-30,343.83,113.42,3,1,0,Active,0
PLAN000616,DCUST008502,DSC003,2022-07-17,2206.91,247.75,9,1,0,Active,1
PLAN000617,DCUST008515,DSC004,2023-03-03,640.99,81.72,8,1,0,Active,1
PLAN000618,DCUST008532,DSC001,2022-10-05,226.65,55.04,4,0,1,Broken,0
PLAN000619,DCUST008586,DSC001,2022-08-24,68.43,72.44,1,1,0,Active,1
PLAN000620,DCUST008587,DSC005,2022-07-10,1363.71,247.12,6,0,1,Broken,0
PLAN000621,DCUST008598,DSC001,2023-04-23,338.39,65.49,5,1,0,Active,1
PLAN000622,DCUST008629,DSC002,2023-03-02,473.73,98.67,5,0,1,Cancelled,0
PLAN000623,DCUST008631,DSC008,2023-02-03,348.81,50.93,7,1,0,Completed,0
PLAN000624,DCUST008635,DSC004,2023-03-01,750.81,198.18,4,1,3,Broken,0
PLAN000625,DCUST008644,DSC003,2023-05-05,688.63,164.08,4,1,0,Active,0
PLAN000626,DCUST008652,DSC001,2023-02-22,80.83,42.83,2,1,0,Active,0
PLAN000627,DCUST008657,DSC002,2023-01-31,1898.15,308.39,6,1,0,Completed,0
PLAN000628,DCUST008684,DSC001,2022-10-16,499.44,107.12,5,1,0,Completed,0
PLAN000629,DCUST008691,DSC002,2023-04-29,224.64,23.42,8,0,1,Broken,0
PLAN000630,DCUST008698,DSC003,2022-08-14,331.51,56.99,6,0,1,Cancelled,0
PLAN000631,DCUST008709,DSC008,2023-01-28,763.8,115.93,6,1,0,Completed,0
PLAN000632,DCUST008714,DSC001,2023-01-11,338.82,77.32,4,1,0,Completed,0
PLAN000633,DCUST008715,DSC004,2022-09-07,196.4,30.08,6,0,3,Broken,0
PLAN000634,DCUST008717,DSC005,2022-11-14,702.43,181.15,4,1,0,Active,0
PLAN000635,DCUST008724,DSC001,2023-01-20,228.2,109.09,2,0,2,Broken,0
PLAN000636,DCUST008725,DSC002,2023-01-21,424.93,85.65,5,1,0,Active,0
PLAN000637,DCUST008728,DSC004,2022-12-03,150.91,49.86,3,0,2,Broken,0
PLAN000638,DCUST008734,DSC010,2022-08-16,139.64,129.73,1,1,1,Broken,0
PLAN000639,DCUST008789,DSC001,2022-10-31,164.45,31.54,5,1,0,Active,0
PLAN000640,DCUST008795,DSC004,2023-02-15,122.76,39.17,3,0,2,Broken,0
PLAN000641,DCUST008799,DSC002,2023-03-14,213.67,31.33,7,1,3,Broken,0
PLAN000642,DCUST008809,DSC010,2022-07-18,303.87,50.52,6,1,0,Active,0
PLAN000643,DCUST008812,DSC002,2023-03-10,671.81,176.25,4,1,0,Active,0
PLAN000644,DCUST008825,DSC001,2023-05-17,249.25,47.75,5,1,0,Active,0
PLAN000645,DCUST008839,DSC001,2023-02-18,44.87,21.62,2,1,0,Active,0
PLAN000646,DCUST008840,DSC002,2022-09-15,887.12,104.26,8,1,0,Active,0
PLAN000647,DCUST008873,DSC004,2022-10-19,158.18,80.46,2,1,0,Completed,0
PLAN000648,DCUST008875,DSC004,2023-02-04,76.34,22.37,3,1,0,Active,0
PLAN000649,DCUST008876,DSC009,2022-11-20,1405.06,237.93,6,1,2,Broken,1
PLAN000650,DCUST008880,DSC001,2022-07-03,339.88,53.84,6,0,1,Cancelled,1
PLAN000651,DCUST008895,DSC008,2022-11-06,449.02,87.32,5,1,0,Active,0
PLAN000652,DCUST008899,DSC007,2022-11-11,409.02,148.25,3,1,0,Active,1
PLAN000653,DCUST008900,DSC002,2023-05-29,106.27,53.16,2,1,0,Active,1
PLAN000654,DCUST008944,DSC001,2023-05-29,184.62,96.09,2,1,0,Active,1
PLAN000655,DCUST008961,DSC006,2023-05-06,796.43,112.28,7,1,4,Broken,0
PLAN000656,DCUST008980,DSC002,2022-10-29,457.98,90.74,5,0,4,Broken,0
PLAN000657,DCUST009008,DSC001,2022-10-02,606.56,89.91,7,1,0,Active,0
PLAN000658,DCUST009020,DSC005,2023-05-31,225.04,33.22,7,1,0,Completed,0
PLAN000659,DCUST009021,DSC010,2022-09-12,127.55,128.37,1,1,1,Broken,0
PLAN000660,DCUST009027,DSC002,2022-06-16,290.53,90.63,3,1,0,Active,0
PLAN000661,DCUST009042,DSC001,2023-04-22,345.94,51.52,7,1,3,Broken,0
PLAN000662,DCUST009057,DSC004,2022-06-26,607.33,138.26,4,1,0,Active,1
PLAN000663,DCUST009061,DSC008,2022-10-28,64.84,34.23,2,0,1,Broken,0
PLAN000664,DCUST009067,DSC005,2023-03-18,1495.74,148.61,10,1,0,Completed,1
PLAN000665,DCUST009068,DSC005,2022-12-06,481.6,154.7,3,1,1,Completed,1
PLAN000666,DCUST009095,DSC005,2022-12-06,366.14,43.45,8,1,0,Active,0
PLAN000667,DCUST009125,DSC010,2023-03-14,483.34,151.6,3,0,0,Cancelled,0
PLAN000668,DCUST009127,DSC002,2023-01-22,259.18,60.84,4,1,0,Active,0
PLAN000669,DCUST009136,DSC005,2023-01-19,488.81,67.8,7,1,0,Completed,0
PLAN000670,DCUST009138,DSC010,2023-05-02,4961.37,277.67,18,1,5,Broken,0
PLAN000671,DCUST009155,DSC001,2023-04-03,89.21,46.96,2,1,0,Active,1
PLAN000672,DCUST009161,DSC001,2023-03-02,255.29,50.89,5,1,0,Active,1
PLAN000673,DCUST009176,DSC003,2022-12-13,2362.5,237.3,10,1,3,Broken,0
PLAN000674,DCUST009179,DSC001,2022-07-22,416.02,108.7,4,1,4,Broken,0
PLAN000675,DCUST009182,DSC003,2022-09-30,159.88,149.18,1,0,1,Broken,0
PLAN000676,DCUST009219,DSC010,2023-03-29,824.88,203.97,4,1,0,Active,0
PLAN000677,DCUST009230,DSC001,2022-10-31,49.09,16.18,3,1,0,Active,0
PLAN000678,DCUST009236,DSC002,2023-03-16,70.83,73.12,1,1,1,Broken,0
PLAN000679,DCUST009238,DSC005,2023-05-10,228.15,43.58,5,1,3,Broken,0
PLAN000680,DCUST009250,DSC007,2023-04-23,63.89,31.05,2,0,0,Cancelled,0
PLAN000681,DCUST009269,DSC001,2022-08-06,606.5,106.56,6,1,0,Active,0
PLAN000682,DCUST009278,DSC004,2022-09-06,329.67,81.65,4,1,0,Active,1
PLAN000683,DCUST009289,DSC003,2023-05-09,465.89,126.38,4,1,3,Broken,1
PLAN000684,DCUST009290,DSC001,2023-05-20,632.38,81.29,8,1,5,Broken,1
PLAN000685,DCUST009324,DSC006,2022-11-23,415.7,99.77,4,1,1,Active,0
PLAN000686,DCUST009325,DSC005,2023-05-29,483.49,117.78,4,1,2,Broken,1
PLAN000687,DCUST009328,DSC004,2023-03-23,559.25,87.03,7,1,0,Active,0
PLAN000688,DCUST009341,DSC001,2022-07-26,788.71,253.98,3,1,1,Active,0
PLAN000689,DCUST009350,DSC004,2022-11-10,689.52,130.01,5,1,5,Broken,1
PLAN000690,DCUST009358,DSC008,2023-02-13,937.79,293.94,3,0,0,Cancelled,0
PLAN000691,DCUST009366,DSC002,2023-04-09,734.2,103.4,7,1,0,Active,1
PLAN000692,DCUST009384,DSC001,2023-05-31,385.66,66.56,6,1,0,Active,1
PLAN000693,DCUST009394,DSC005,2022-08-18,487.43,156.98,3,1,0,Completed,0
PLAN000694,DCUST009410,DSC006,2022-11-25,804.48,102.08,8,1,1,Active,1
PLAN000695,DCUST009411,DSC001,2023-02-09,114.76,37.18,3,1,2,Broken,0
PLAN000696,DCUST009412,DSC003,2022-11-12,665.96,78.19,8,1,0,Completed,0
PLAN000697,DCUST009437,DSC004,2023-03-28,1929.41,149.37,12,1,3,Broken,0
PLAN000698,DCUST009442,DSC010,2023-03-13,1461.0,134.73,11,1,0,Completed,0
PLAN000699,DCUST009446,DSC001,2022-12-03,565.23,74.08,8,0,2,Broken,0
PLAN000700,DCUST009447,DSC004,2023-01-27,1690.89,159.41,10,1,0,Completed,1
PLAN000701,DCUST009449,DSC003,2022-12-17,486.12,96.69,5,1,5,Broken,0
PLAN000702,DCUST009466,DSC009,2022-10-31,1046.91,177.13,6,1,1,Broken,0
PLAN000703,DCUST009484,DSC006,2022-12-11,121.43,120.65,1,1,1,Broken,0
PLAN000704,DCUST009524,DSC008,2022-10-05,622.1,98.11,6,1,0,Completed,0
PLAN000705,DCUST009539,DSC008,2022-10-07,646.43,151.36,4,1,0,Active,0
PLAN000706,DCUST009541,DSC010,2022-11-27,185.96,62.29,3,1,0,Completed,0
PLAN000707,DCUST009546,DSC003,2023-04-16,687.85,132.28,5,1,0,Active,0
PLAN000708,DCUST009550,DSC001,2023-04-02,1888.61,177.29,11,1,0,Active,1
PLAN000709,DCUST009557,DSC001,2023-01-19,632.84,206.84,3,1,3,Broken,0
PLAN000710,DCUST009577,DSC009,2023-03-30,95.48,34.21,3,1,0,Active,1
PLAN000711,DCUST009594,DSC006,2023-02-21,2026.79,332.11,6,1,0,Active,1
PLAN000712,DCUST009611,DSC010,2023-02-12,228.51,39.34,6,1,0,Completed,0
PLAN000713,DCUST009631,DSC001,2023-05-17,595.83,72.75,8,1,0,Active,0
PLAN000714,DCUST009632,DSC001,2023-05-31,2032.35,291.67,7,1,4,Broken,1
PLAN000715,DCUST009643,DSC005,2023-04-23,501.9,64.79,8,1,0,Completed,0
PLAN000716,DCUST009645,DSC008,2023-02-24,821.59,211.06,4,1,0,Active,1
PLAN000717,DCUST009648,DSC003,2022-08-26,190.92,49.82,4,1,0,Completed,0
PLAN000718,DCUST009655,DSC005,2022-09-21,352.63,42.53,8,0,2,Broken,0
PLAN000719,DCUST009677,DSC004,2022-09-24,68.48,36.03,2,1,0,Active,0
PLAN000720,DCUST009682,DSC002,2022-09-22,996.15,90.76,11,1,4,Broken,1
PLAN000721,DCUST009690,DSC009,2023-01-03,2217.0,267.01,8,0,2,Broken,1
PLAN000722,DCUST009715,DSC001,2022-10-02,129.88,43.48,3,1,2,Broken,0
PLAN000723,DCUST009723,DSC006,2022-11-11,292.29,93.12,3,0,1,Broken,0
PLAN000724,DCUST009737,DSC006,2022-09-20,744.3,143.73,5,1,0,Completed,0
PLAN000725,DCUST009738,DSC006,2023-01-31,249.48,31.82,8,1,0,Completed,0
PLAN000726,DCUST009751,DSC001,2023-03-03,664.03,131.54,5,1,0,Active,1
PLAN000727,DCUST009792,DSC002,2023-04-27,1593.09,182.66,9,1,0,Active,0
PLAN000728,DCUST009801,DSC005,2022-11-14,476.61,71.03,7,1,1,Broken,1
PLAN000729,DCUST009813,DSC002,2023-01-02,905.57,307.27,3,0,1,Broken,0
PLAN000730,DCUST009829,DSC003,2022-11-25,39.01,37.65,1,0,1,Broken,0
PLAN000731,DCUST009836,DSC010,2022-08-06,392.27,99.73,4,0,4,Broken,0
PLAN000732,DCUST009880,DSC001,2023-02-11,127.34,131.44,1,1,0,Active,1
PLAN000733,DCUST009893,DSC001,2023-03-23,251.56,40.87,6,1,0,Active,0
PLAN000734,DCUST009910,DSC003,2023-02-22,84.59,28.22,3,1,0,Active,0
PLAN000735,DCUST009927,DSC005,2022-10-07,66.41,33.23,2,0,1,Broken,0
PLAN000736,DCUST009932,DSC001,2022-09-19,1439.31,126.39,11,1,5,Broken,0
PLAN000737,DCUST009939,DSC008,2023-01-21,502.1,94.87,5,1,0,Active,0
PLAN000738,DCUST009940,DSC008,2022-10-24,489.57,64.16,8,1,0,Completed,0
PLAN000739,DCUST009965,DSC005,2022-09-30,167.82,53.86,3,0,2,Broken,0
PLAN000740,DCUST009975,DSC005,2022-10-17,195.49,209.82,1,1,0,Completed,0
PLAN000741,DCUST009980,DSC001,2022-10-27,113.77,111.77,1,1,0,Completed,0
PLAN000742,DCUST009981,DSC004,2022-07-05,3813.98,260.22,14,1,3,Broken,0
PLAN000743,DCUST009990,DSC003,2022-10-08,332.56,43.25,7,1,0,Active,0
